,star,jdb,Xlum,Xlum_std,ins,source,flag,finch_offset
0,HD128620,49933.077996421474,3.4478064706928775,0.5,Xlum,Ayres+14,0,0
1,HD128620,50135.64818024255,3.315172573187806,0.5,Xlum,Ayres+14,0,0
2,HD128620,50313.25649913347,3.888846665305572,0.5,Xlum,Ayres+14,0,0
3,HD128620,50857.64818162668,3.8946152742500333,0.5,Xlum,Ayres+14,0,0
4,HD128620,53655.662054087225,1.3675773394554256,0.5,Xlum,Ayres+14,0,0
5,HD128620,53858.08838821497,1.289071540548613,0.5,Xlum,Ayres+14,0,0
6,HD128620,54085.81802426344,1.2395676178303459,0.5,Xlum,Ayres+14,0,0
7,HD128620,54288.24436741759,1.3165100011161055,0.5,Xlum,Ayres+14,0,0
8,HD128620,54427.41247833619,1.4260717775408416,0.5,Xlum,Ayres+14,0,0
9,HD128620,54604.91508238261,1.426760166875265,0.5,Xlum,Ayres+14,0,0
10,HD128620,54820.58233356995,1.456275741310099,0.5,Xlum,Ayres+14,0,0
11,HD128620,54972.43327556326,1.2929878633898801,0.5,Xlum,Ayres+14,0,0
12,HD128620,55174.85961871757,1.4576820192581992,0.5,Xlum,Ayres+14,0,0
13,HD128620,55314.02772963609,1.9651672374021483,0.5,Xlum,Ayres+14,0,0
14,HD128620,55491.15077989608,1.518145295250315,0.5,Xlum,Ayres+14,0,0
15,HD128620,55718.88041594447,2.04717444614983,0.5,Xlum,Ayres+14,0,0
16,HD128620,55933.97746989147,1.7821424006021105,0.5,Xlum,Ayres+14,0,0
17,HD128620,56086.213176612044,2.5001747464216972,0.5,Xlum,Ayres+14,0,0
18,HD128620,56263.82148954518,3.0518368656659662,0.5,Xlum,Ayres+14,0,0
19,HD128620,56478.9792027731,2.7101105204338163,0.5,Xlum,Ayres+14,0,0
20,HD128620,56630.798960138694,3.1788624720078333,0.5,Xlum,Ayres+14,0,0
21,HD128620,53667.17024850071,1.4752549104609396,0.5,Xlum,Ayres+23,0,0
22,HD128620,53855.59925862283,1.426219095098373,0.5,Xlum,Ayres+23,0,0
23,HD128620,54076.97716588325,1.4761964959101836,0.5,Xlum,Ayres+23,0,0
24,HD128620,54257.37438046608,1.5278277128667699,0.5,Xlum,Ayres+23,0,0
25,HD128620,54437.56617804311,1.4520577022526275,0.5,Xlum,Ayres+23,0,0
26,HD128620,54618.523921365915,1.5952494121018466,0.5,Xlum,Ayres+23,0,0
27,HD128620,54799.168204854555,1.4905067268418415,0.5,Xlum,Ayres+23,0,0
28,HD128620,54987.74854332137,1.4782889641501182,0.5,Xlum,Ayres+23,0,0
29,HD128620,55168.330633209654,1.651992980240098,0.5,Xlum,Ayres+23,0,0
30,HD128620,55308.2812393305,2.133853389790522,0.5,Xlum,Ayres+23,0,0
31,HD128620,55488.000577793864,1.6669647209518055,0.5,Xlum,Ayres+23,0,0
32,HD128620,55717.98545760151,2.046121022545199,0.5,Xlum,Ayres+23,0,0
33,HD128620,55914.42574034541,1.8320502768994822,0.5,Xlum,Ayres+23,0,0
34,HD128620,56079.44290264498,2.4278207001599412,0.5,Xlum,Ayres+23,0,0
35,HD128620,56277.20409583451,3.005394054251444,0.5,Xlum,Ayres+23,0,0
36,HD128620,56473.687537284575,2.690961555360192,0.5,Xlum,Ayres+23,0,0
37,HD128620,56629.660669865814,2.981519525056187,0.5,Xlum,Ayres+23,0,0
38,HD128620,56834.440883049225,2.8337646302117103,0.5,Xlum,Ayres+23,0,0
39,HD128620,57031.045499653104,2.7163543485763215,0.5,Xlum,Ayres+23,0,0
40,HD128620,57162.86159651992,3.599510768122274,0.5,Xlum,Ayres+23,0,0
41,HD128620,57334.98049964878,3.600475496540324,0.5,Xlum,Ayres+23,0,0
42,HD128620,57523.34795254877,2.910285006537014,0.5,Xlum,Ayres+23,0,0
43,HD128620,57671.75639753592,3.541464871263997,0.5,Xlum,Ayres+23,0,0
44,HD128620,57884.85474109955,3.2255534062582076,0.5,Xlum,Ayres+23,0,0
45,HD128620,58064.574079563004,2.519799982278163,0.5,Xlum,Ayres+23,0,0
46,HD128620,58261.93873883325,3.3110473131358384,0.5,Xlum,Ayres+23,0,0
47,HD128620,58449.73096562882,2.457651658971481,0.5,Xlum,Ayres+23,0,0
48,HD128620,58622.199083783715,2.8416588387890114,0.5,Xlum,Ayres+23,0,0
49,HD128620,58892.11157051148,2.145786169314932,0.5,Xlum,Ayres+23,0,0
50,HD128620,59006.94530467374,1.9540750344460653,0.5,Xlum,Ayres+23,0,0
51,HD128620,59499.03557184719,1.7654234522359038,0.5,Xlum,Ayres+23,0,0
52,HD128620,60056.18811695439,1.6364664258390382,0.5,Xlum,Ayres+23,0,0
53,HD128620,60203.554276988405,1.5289394223327206,0.5,Xlum,Ayres+23,0,0
54,HD128621,49945.72964326981,13.874820414485336,0.5,Xlum,Ayres+14,0,0
55,HD128621,50122.961871750405,14.444856555598665,0.5,Xlum,Ayres+14,0,0
56,HD128621,50313.25649913347,11.612301389398,0.5,Xlum,Ayres+14,0,0
57,HD128621,50857.64818162668,4.388270382738906,0.5,Xlum,Ayres+14,0,0
58,HD128621,51528.1854419412,3.6757300244522084,0.5,Xlum,Ayres+14,0,0
59,HD128621,52718.44020797228,15.441754724606135,0.5,Xlum,Ayres+14,0,0
60,HD128621,52908.21490467935,14.847213016072642,0.5,Xlum,Ayres+14,0,0
61,HD128621,53047.4991334489,16.405908987516124,0.5,Xlum,Ayres+14,0,0
62,HD128621,53212.421143847445,9.404313759388756,0.5,Xlum,Ayres+14,0,0
63,HD128621,53415.28076396915,11.946048524048955,0.5,Xlum,Ayres+14,0,0
64,HD128621,53643.010407238886,9.797434945784614,0.5,Xlum,Ayres+14,0,0
65,HD128621,53858.08838821497,4.085911051022787,0.5,Xlum,Ayres+14,0,0
66,HD128621,53782.178509532176,5.186289018518969,0.5,Xlum,Ayres+14,0,0
67,HD128621,54085.81802426344,4.007931089514198,0.5,Xlum,Ayres+14,0,0
68,HD128621,54250.28942807636,2.6937181099592267,0.5,Xlum,Ayres+14,0,0
69,HD128621,54440.06412478335,2.8608238361556335,0.5,Xlum,Ayres+14,0,0
70,HD128621,54604.91508238261,3.161377919439841,0.5,Xlum,Ayres+14,0,0
71,HD128621,54820.58233356995,3.425180499190728,0.5,Xlum,Ayres+14,0,0
72,HD128621,54972.43327556326,6.475651432924005,0.5,Xlum,Ayres+14,0,0
73,HD128621,54858.56845753906,5.201507522655002,0.5,Xlum,Ayres+14,0,0
74,HD128621,55187.51126516457,8.226130574524156,0.5,Xlum,Ayres+14,0,0
75,HD128621,55415.240901213205,10.244353794903304,0.5,Xlum,Ayres+14,0,0
76,HD128621,55491.15077989608,13.269976727626865,0.5,Xlum,Ayres+14,0,0
77,HD128621,55731.532062391714,10.051264508500534,0.5,Xlum,Ayres+14,0,0
78,HD128621,55921.30675909879,16.866959394315906,0.5,Xlum,Ayres+14,0,0
79,HD128621,56098.89948550536,13.558976071718465,0.5,Xlum,Ayres+14,0,0
80,HD128621,56263.82148954518,11.569548910710019,0.5,Xlum,Ayres+14,0,0
81,HD128621,56466.32755632586,8.762379424955494,0.5,Xlum,Ayres+14,0,0
82,HD128621,56630.798960138694,9.122060471639266,0.5,Xlum,Ayres+14,0,0
83,HD128621,52714.82245967638,15.005743541377248,0.5,Xlum,Ayres+23,0,0
84,HD128621,52911.673576432026,15.933274327505533,0.5,Xlum,Ayres+23,0,0
85,HD128621,53043.162562703736,17.653002065457763,0.5,Xlum,Ayres+23,0,0
86,HD128621,53222.42677587224,9.317192826352974,0.5,Xlum,Ayres+23,0,0
87,HD128621,53404.35972281629,15.410944852236083,0.5,Xlum,Ayres+23,0,0
88,HD128621,53608.25664933989,10.152342962355894,0.5,Xlum,Ayres+23,0,0
89,HD128621,53665.321495388904,8.934576918894466,0.5,Xlum,Ayres+23,0,0
90,HD128621,53778.17758909836,4.079067955820265,0.5,Xlum,Ayres+23,0,0
91,HD128621,53868.314571288094,4.04501215207336,0.5,Xlum,Ayres+23,0,0
92,HD128621,53966.60660861214,3.943484320941551,0.5,Xlum,Ayres+23,0,0
93,HD128621,54097.868075383405,4.151272321806825,0.5,Xlum,Ayres+23,0,0
94,HD128621,54154.23450180285,2.7341257279035514,0.5,Xlum,Ayres+23,0,0
95,HD128621,54269.08314980248,2.853687617472513,0.5,Xlum,Ayres+23,0,0
96,HD128621,54449.50090608606,2.9787819679549137,0.5,Xlum,Ayres+23,0,0
97,HD128621,54622.293351682696,3.3005017302019812,0.5,Xlum,Ayres+23,0,0
98,HD128621,54803.102419010465,3.301428448453858,0.5,Xlum,Ayres+23,0,0
99,HD128621,55001.32660741155,5.997633863436099,0.5,Xlum,Ayres+23,0,0
100,HD128621,55190.33079454178,7.361344602996182,0.5,Xlum,Ayres+23,0,0
101,HD128621,55339.46354082621,14.315895992227787,0.5,Xlum,Ayres+23,0,0
102,HD128621,55502.81114391937,11.279019672909445,0.5,Xlum,Ayres+23,0,0
103,HD128621,55731.7073135958,8.811836650934804,0.5,Xlum,Ayres+23,0,0
104,HD128621,55929.46901118752,13.614607555390323,0.5,Xlum,Ayres+23,0,0
105,HD128621,56101.668122928466,11.581962073193422,0.5,Xlum,Ayres+23,0,0
106,HD128621,56290.24261709421,9.604262404677135,0.5,Xlum,Ayres+23,0,0
107,HD128621,56478.22725311494,7.697285712852463,0.5,Xlum,Ayres+23,0,0
108,HD128621,56658.66555109911,8.103487468503811,0.5,Xlum,Ayres+23,0,0
109,HD128621,56838.17947255677,5.813170683171018,0.5,Xlum,Ayres+23,0,0
110,HD128621,57027.1425764171,7.014328949029226,0.5,Xlum,Ayres+23,0,0
111,HD128621,57149.509490712975,5.526004554827896,0.5,Xlum,Ayres+23,0,0
112,HD128621,57312.77492060673,4.20780659070523,0.5,Xlum,Ayres+23,0,0
113,HD128621,57510.12404947007,4.783214541151847,0.5,Xlum,Ayres+23,0,0
114,HD128621,57674.78430057737,5.390880582927274,0.5,Xlum,Ayres+23,0,0
115,HD128621,57872.94055475711,8.993257954438512,0.5,Xlum,Ayres+23,0,0
116,HD128621,58062.00636698918,11.324015775483993,0.5,Xlum,Ayres+23,0,0
117,HD128621,58259.53535986437,15.930021471879222,0.5,Xlum,Ayres+23,0,0
118,HD128621,58472.224127775036,13.437516494825726,0.5,Xlum,Ayres+23,0,0
119,HD128621,58644.589537427164,14.8888192952366,0.5,Xlum,Ayres+23,0,0
120,HD128621,58898.74411982092,14.518636938979164,0.5,Xlum,Ayres+23,0,0
121,HD128621,59006.16258146334,18.435542086698543,0.5,Xlum,Ayres+23,0,0
122,HD128621,59512.20280192538,6.039876565952382,0.5,Xlum,Ayres+23,0,0
123,HD128621,60076.853067748096,4.190070782304004,0.5,Xlum,Ayres+23,0,0
124,HD128621,60192.52338377138,6.150241870397421,0.5,Xlum,Ayres+23,0,0
