,HARPN,CORALIE14,ESPRESSO19,HARPS03,HARPS15,VSINI,ESPRESSO18,CORALIE07,CORALIE98,SOPHIE
0,5.014839073921872,6.5453077771271335,4.8958245543681675,5.12303409169796,5.166312098808399,0.0,4.8958245543681675,6.5453077771271335,6.5453077771271335,6.5453077771271335
1,5.017588780693073,6.551861973586377,4.901988757366074,5.126593847197016,5.1715755497917995,0.0484949832775919,4.901988757366074,6.551861973586377,6.551861973586377,6.551861973586377
2,5.020886589176468,6.558389605413709,4.9080209200907285,5.130475546178326,5.176843514043739,0.0969899665551839,4.9080209200907285,6.558389605413709,6.558389605413709,6.558389605413709
3,5.024728288620846,6.564909207991134,4.913978952191707,5.134693803016552,5.182153768408634,0.1454849498327759,4.913978952191707,6.564909207991134,6.564909207991134,6.564909207991134
4,5.02910966827499,6.571438707891051,4.919920763318579,5.139263232086347,5.187544089730888,0.1939799331103679,4.919920763318579,6.571438707891051,6.571438707891051,6.571438707891051
5,5.034026517387687,6.577995436000718,4.925904263120921,5.144198447762374,5.193052254854911,0.2424749163879598,4.925904263120921,6.577995436000718,6.577995436000718,6.577995436000718
6,5.039474625207721,6.584596140469917,4.931987361248305,5.149514064419288,5.1987160406251105,0.2909698996655518,4.931987361248305,6.584596140469917,6.584596140469917,6.584596140469917
7,5.045449780983879,6.591256999482927,4.938227967350306,5.15522469643175,5.204573223885896,0.3394648829431438,4.938227967350306,6.591256999482927,6.591256999482927,6.591256999482927
8,5.051947773964945,6.597993633855861,4.9446839910764995,5.161344958174418,5.210661581481677,0.3879598662207358,4.9446839910764995,6.597993633855861,6.597993633855861,6.597993633855861
9,5.058964393399704,6.604821119460469,4.951413342076456,5.16788946402195,5.21701889025686,0.4364548494983278,4.951413342076456,6.604821119460469,6.604821119460469,6.604821119460469
10,5.066495428536946,6.611753999475479,4.958473929999751,5.174872828349007,5.223682927055854,0.4849498327759197,4.958473929999751,6.611753999475479,6.611753999475479,6.611753999475479
11,5.074536668625453,6.618806296466551,4.965923664495959,5.182309665530244,5.230691468723068,0.5334448160535117,4.965923664495959,6.618806296466551,6.618806296466551,6.618806296466551
12,5.0830839029140105,6.625991524295943,4.973820455214652,5.190214589940321,5.238082292102907,0.5819397993311037,4.973820455214652,6.625991524295943,6.625991524295943,6.625991524295943
13,5.092132920651404,6.633322699862952,4.982222211805405,5.198602215953898,5.245893174039784,0.6304347826086957,4.982222211805405,6.633322699862952,6.633322699862952,6.633322699862952
14,5.10167951108642,6.640812354676221,4.9911868439177915,5.207487157945629,5.254161891378105,0.6789297658862876,4.9911868439177915,6.640812354676221,6.640812354676221,6.640812354676221
15,5.111719463467844,6.648472546258991,5.000772261201385,5.216884030290179,5.262926220962281,0.7274247491638797,5.000772261201385,6.648472546258991,6.648472546258991,6.648472546258991
16,5.12224856704446,6.656314869388379,5.011036373305761,5.2268074473622015,5.272223939636716,0.7759197324414716,5.011036373305761,6.656314869388379,6.656314869388379,6.656314869388379
17,5.133262611065055,6.664350467169765,5.022037089880491,5.237272023536357,5.282092824245822,0.8244147157190636,5.022037089880491,6.664350467169765,6.664350467169765,6.664350467169765
18,5.144757384778415,6.672590041947368,5.033832320575149,5.2482923731873035,5.292570651634007,0.8729096989966556,5.033832320575149,6.672590041947368,6.672590041947368,6.672590041947368
19,5.156728677433324,6.681043866052087,5.04647997503931,5.2598831106897,5.303695198645679,0.9214046822742477,5.04647997503931,6.681043866052087,6.681043866052087,6.681043866052087
20,5.169172278278566,6.6897217923877,5.060037962922546,5.272058850418204,5.315504242125244,0.9698996655518396,5.060037962922546,6.6897217923877,6.6897217923877,6.6897217923877
21,5.182084206359557,6.698633264856492,5.0745631884487095,5.284833947916496,5.328034844118633,1.0183946488294315,5.0745631884487095,6.698633264856492,6.698633264856492,6.698633264856492
22,5.195470611109917,6.707787328625399,5.090068232505946,5.298211348385211,5.34129255539025,1.0668896321070234,5.090068232505946,6.707787328625399,6.707787328625399,6.707787328625399
23,5.209351539393229,6.7171926402337405,5.1065048707655025,5.312178343681824,5.355239697776047,1.1153846153846154,5.1065048707655025,6.7171926402337405,6.7171926402337405,6.7171926402337405
24,5.223748044965564,6.726857477543642,5.123820473456979,5.326721091552414,5.3698354611024035,1.1638795986622077,5.123820473456979,6.726857477543642,6.726857477543642,6.726857477543642
25,5.238681181582991,6.7367897495341955,5.141962410809976,5.341825749743052,5.385039035195693,1.2123745819397993,5.141962410809976,6.7367897495341955,6.7367897495341955,6.7367897495341955
26,5.254172003001586,6.7469970059404805,5.160878053054097,5.357478475999814,5.400809609882294,1.2608695652173914,5.160878053054097,6.7469970059404805,6.7469970059404805,6.7469970059404805
27,5.27024156297742,6.757486446738485,5.180514770418944,5.373665428068777,5.417106374988584,1.3093645484949834,5.180514770418944,6.757486446738485,6.757486446738485,6.757486446738485
28,5.2869109152665645,6.768264931477044,5.200819933134116,5.390372763696014,5.433888520340938,1.3578595317725752,5.200819933134116,6.768264931477044,6.768264931477044,6.768264931477044
29,5.304201113625094,6.779338988457849,5.221740911429217,5.407586640627602,5.4511152357657355,1.4063545150501673,5.221740911429217,6.779338988457849,6.779338988457849,6.779338988457849
30,5.32213321180908,6.790714823764626,5.2432250755338465,5.425293216609613,5.468745711089352,1.4548494983277591,5.2432250755338465,6.790714823764626,6.790714823764626,6.790714823764626
31,5.34072826128786,6.8023983301425615,5.265219800421823,5.443478650753883,5.4867391403712,1.5033444816053512,5.265219800421823,6.8023983301425615,6.8023983301425615,6.8023983301425615
32,5.359998807157356,6.814395095729048,5.287690108947418,5.462134182617493,5.505070464027018,1.5518394648829432,5.287690108947418,6.814395095729048,6.814395095729048,6.814395095729048
33,5.379929700992831,6.826710412636843,5.310658478760111,5.481267591757472,5.523765886627488,1.6003344481605353,5.310658478760111,6.826710412636843,6.826710412636843,6.826710412636843
34,5.400500168140575,6.839349285390711,5.334159060053188,5.5008900180051725,5.542862027593641,1.648829431438127,5.334159060053188,6.839349285390711,6.839349285390711,6.839349285390711
35,5.421689433946882,6.852316439218645,5.358226003019933,5.521012601191954,5.5623955063465065,1.6973244147157192,5.358226003019933,6.852316439218645,6.852316439218645,6.852316439218645
36,5.443476723758046,6.8656163281987235,5.382893457853633,5.541646481149176,5.582402942307122,1.7458193979933112,5.382893457853633,6.8656163281987235,6.8656163281987235,6.8656163281987235
37,5.465841262920355,6.879253143262718,5.40819557474757,5.5628027977081915,5.6029209548965175,1.794314381270903,5.40819557474757,6.879253143262718,6.879253143262718,6.879253143262718
38,5.488762276780105,6.8932308200575045,5.434166503895028,5.584492690700363,5.623986163535724,1.842809364548495,5.434166503895028,6.8932308200575045,6.8932308200575045,6.8932308200575045
39,5.512218990683587,6.907553046665365,5.460840395489295,5.606727299957046,5.645635187645773,1.8913043478260871,5.460840395489295,6.907553046665365,6.907553046665365,6.907553046665365
40,5.536190629977093,6.922223271184279,5.488251399723653,5.629517765309598,5.667904646647699,1.939799331103679,5.488251399723653,6.922223271184279,6.922223271184279,6.922223271184279
41,5.560656420006916,6.93724470916926,5.516433666791388,5.652875226589377,5.690831159962535,1.988294314381271,5.516433666791388,6.93724470916926,6.93724470916926,6.93724470916926
42,5.585597302638965,6.95262035093584,5.545417061637596,5.676807777908348,5.7144453033423055,2.036789297658863,5.545417061637596,6.95262035093584,6.95262035093584,6.95262035093584
43,5.611008737774485,6.968352968726764,5.575195205296171,5.701297753194135,5.738726536199185,2.085284280936455,5.575195205296171,6.968352968726764,6.968352968726764,6.968352968726764
44,5.636893485359267,6.984445123742996,5.605743494422821,5.7263145334858425,5.763628615324459,2.1337792642140467,5.605743494422821,6.984445123742996,6.984445123742996,6.984445123742996
45,5.663254360632704,7.000899173040102,5.6370371876341725,5.751827401711964,5.789105102826989,2.182274247491639,5.6370371876341725,7.000899173040102,7.000899173040102,7.000899173040102
46,5.690094178834185,7.017717276291095,5.669051543546853,5.777805640800994,5.81510956081564,2.230769230769231,5.669051543546853,7.017717276291095,7.017717276291095,7.017717276291095
47,5.7174157552031,7.034901402416832,5.701761820777492,5.804218533681427,5.84159555139927,2.279264214046823,5.701761820777492,7.034901402416832,7.034901402416832,7.034901402416832
48,5.74522190497884,7.052453336085027,5.735143277942713,5.831035363281756,5.868516636686743,2.327759197324415,5.735143277942713,7.052453336085027,7.052453336085027,7.052453336085027
49,5.773515443400796,7.070374684078983,5.769171173659145,5.8582254125304765,5.89582637878692,2.376254180602007,5.769171173659145,7.070374684078983,7.070374684078983,7.070374684078983
50,5.802299185708358,7.088666881537101,5.803820766543415,5.885757964356081,5.923478339808663,2.4247491638795986,5.803820766543415,7.088666881537101,7.088666881537101,7.088666881537101
51,5.831575947140917,7.107331198064271,5.839067315212152,5.913602301687067,5.951426081860834,2.4732441471571907,5.839067315212152,7.107331198064271,7.107331198064271,7.107331198064271
52,5.861348198880927,7.126368743716204,5.874886533600964,5.941728512197306,5.9796243247628675,2.5217391304347827,5.874886533600964,7.126368743716204,7.126368743716204,7.126368743716204
53,5.891608185930698,7.1457804748578,5.911267668795003,5.970130602483425,6.008062198211418,2.5702341137123748,5.911267668795003,7.1457804748578,7.1457804748578,7.1457804748578
54,5.922336448622842,7.165567199896633,5.948215457636383,5.998829956235542,6.036768216721422,2.618729096989967,5.948215457636383,7.165567199896633,7.165567199896633,7.165567199896633
55,5.953512885843822,7.185729584892625,5.985735485845946,6.0278494574792765,6.065773053197665,2.667224080267559,5.985735485845946,7.185729584892625,7.185729584892625,7.185729584892625
56,5.985117396480101,7.206268159045003,6.023833339144528,6.057211990240238,6.095107380544932,2.7157190635451505,6.023833339144528,7.206268159045003,7.206268159045003,7.206268159045003
57,6.017129879418141,7.2271833200576046,6.0625146032529695,6.086940438544041,6.124801871668009,2.7642140468227425,6.0625146032529695,7.2271833200576046,7.2271833200576046,7.2271833200576046
58,6.049530233544402,7.248475339383632,6.101784863892108,6.117057686416302,6.154887199471681,2.8127090301003346,6.101784863892108,7.248475339383632,7.248475339383632,7.248475339383632
59,6.082298357745346,7.27014436735092,6.141649706782781,6.147586617882631,6.18539403686073,2.861204013377926,6.141649706782781,7.27014436735092,7.27014436735092,7.27014436735092
60,6.115414150907436,7.292190438168803,6.1821147176458275,6.178550116968644,6.216353056739946,2.9096989966555187,6.1821147176458275,7.292190438168803,7.292190438168803,7.292190438168803
61,6.148857511917133,7.314613474817673,6.223185482202087,6.209971067699955,6.247794932014111,2.9581939799331107,6.223185482202087,7.314613474817673,7.314613474817673,7.314613474817673
62,6.182608356481906,7.3374132938222925,6.264867571826242,6.24187234339858,6.279750314727449,3.0066889632107023,6.264867571826242,7.3374132938222925,7.3374132938222925,7.3374132938222925
63,6.216655978283966,7.360589609909958,6.30715855968853,6.274270849964664,6.312238226837299,3.0551839464882944,6.30715855968853,7.360589609909958,7.360589609909958,7.360589609909958
64,6.251014630227321,7.384142040554587,6.35003473195804,6.307167611169182,6.345246737144631,3.1036789297658864,6.35003473195804,7.384142040554587,7.384142040554587,7.384142040554587
65,6.285702671907365,7.40807011040781,6.3934688723251085,6.340561037600551,6.378758821540811,3.1521739130434785,6.3934688723251085,7.40807011040781,7.40807011040781,7.40807011040781
66,6.320738462919496,7.43237325561816,6.437433764480072,6.37444953984719,6.4127574559172045,3.2006688963210705,6.437433764480072,7.43237325561816,7.43237325561816,7.43237325561816
67,6.356140362859106,7.457050828039419,6.481902192113264,6.40883152849752,6.447225616165177,3.249163879598662,6.481902192113264,7.457050828039419,7.457050828039419,7.457050828039419
68,6.391926731321592,7.482102099329229,6.52684693891502,6.443705414139954,6.482146278176096,3.297658862876254,6.52684693891502,7.482102099329229,7.482102099329229,7.482102099329229
69,6.428115927902347,7.507526264939027,6.572240788575675,6.479069607362914,6.517502417841324,3.3461538461538463,6.572240788575675,7.507526264939027,7.507526264939027,7.507526264939027
70,6.464726312196767,7.53332244799639,6.6180565247855645,6.514922518754817,6.553277011052229,3.3946488294314383,6.6180565247855645,7.53332244799639,7.53332244799639,7.53332244799639
71,6.501776243800244,7.55948970308089,6.664266931235024,6.551262558904083,6.5894530337001775,3.4431438127090304,6.664266931235024,7.55948970308089,7.55948970308089,7.55948970308089
72,6.539284082308176,7.586027019894509,6.710844791614386,6.58808813839913,6.626013461676531,3.4916387959866224,6.710844791614386,7.586027019894509,7.586027019894509,7.586027019894509
73,6.577264211874084,7.61293332682772,6.7577668243723625,6.625387863722502,6.6629352237724415,3.540133779264214,6.7577668243723625,7.61293332682772,7.61293332682772,7.61293332682772
74,6.61570410506107,7.640207494422305,6.805036384142809,6.663083972864874,6.700154313182598,3.588628762541806,6.805036384142809,7.640207494422305,7.640207494422305,7.640207494422305
75,6.6545800753577,7.667848338731991,6.852667870435439,6.701071183669034,6.7375897488773795,3.637123745819398,6.852667870435439,7.667848338731991,7.667848338731991,7.667848338731991
76,6.693868400305617,7.695854624581991,6.900675718339029,6.739244125326646,6.775160495147807,3.68561872909699,6.900675718339029,7.695854624581991,7.695854624581991,7.695854624581991
77,6.733545357446462,7.724225068728522,6.9490743629423415,6.7774974270293695,6.812785516284891,3.7341137123745822,6.9490743629423415,7.724225068728522,7.724225068728522,7.724225068728522
78,6.77358722432188,7.752958342919392,6.997878239334154,6.815725717968868,6.850383776579655,3.7826086956521743,6.997878239334154,7.752958342919392,7.752958342919392,7.752958342919392
79,6.813970278473513,7.782053076856728,7.047101782603231,6.853823627336799,6.887874240323112,3.831103678929766,7.047101782603231,7.782053076856728,7.782053076856728,7.782053076856728
80,6.854670797443004,7.811507861062933,7.096759427838343,6.891685784324826,6.925175871806283,3.879598662207358,7.096759427838343,7.811507861062933,7.811507861062933,7.811507861062933
81,6.895665058771994,7.841321249650944,7.146865610128262,6.929206818124611,6.96220763532018,3.92809364548495,7.146865610128262,7.841321249650944,7.841321249650944,7.841321249650944
82,6.93692934000213,7.871491762999892,7.197434764561757,6.966281357927815,6.998888495155825,3.976588628762542,7.197434764561757,7.871491762999892,7.871491762999892,7.871491762999892
83,6.978440181791633,7.902017890337216,7.248480289304679,7.002812122616523,7.035144421044011,4.025083612040134,7.248480289304679,7.902017890337216,7.902017890337216,7.902017890337216
84,7.020179713317033,7.932898092228339,7.299993558587408,7.038873653700513,7.071050176180819,4.073578595317726,7.299993558587408,7.932898092228339,7.932898092228339,7.932898092228339
85,7.062135406463773,7.9641308029749664,7.351944891421256,7.074704757748682,7.1068227725900694,4.122073578595318,7.351944891421256,7.9641308029749664,7.9641308029749664,7.9641308029749664
86,7.104294947040843,7.9957144329231165,7.404303763760813,7.110550818547866,7.142684917977596,4.17056856187291,7.404303763760813,7.9957144329231165,7.9957144329231165,7.9957144329231165
87,7.146646020857225,8.02764737068192,7.457039651560664,7.1466572198849,7.178859320049231,4.219063545150502,7.457039651560664,8.02764737068192,8.02764737068192,8.02764737068192
88,7.189176313721898,8.059927985254323,7.510122030775396,7.183269345546616,7.215568686510803,4.2675585284280935,7.510122030775396,8.059927985254323,8.059927985254323,8.059927985254323
89,7.231873511443845,8.092554628080716,7.563520377359594,7.220632579319849,7.253035725068142,4.316053511705686,7.563520377359594,8.092554628080716,8.092554628080716,8.092554628080716
90,7.274725299832049,8.125525634996634,7.61720416726784,7.258992304991432,7.291483143427082,4.364548494983278,7.61720416726784,8.125525634996634,8.125525634996634,8.125525634996634
91,7.317719364695494,8.15883932810556,7.671142876454727,7.2985939063482,7.331133649293451,4.41304347826087,7.671142876454727,8.15883932810556,8.15883932810556,8.15883932810556
92,7.36084339184316,8.192494017567917,7.725305980874834,7.339682767176986,7.37220995037308,4.461538461538462,7.725305980874834,8.192494017567917,8.192494017567917,8.192494017567917
93,7.404085192983529,8.226488003307374,7.779663029313353,7.3825035774763075,7.414934104593683,4.510033444816054,7.779663029313353,8.226488003307374,8.226488003307374,8.226488003307374
94,7.447457066694791,8.260819576635487,7.834197735770221,7.427166088629029,7.459401791046977,4.558528428093646,7.834197735770221,8.260819576635487,8.260819576635487,8.260819576635487
95,7.491024900443793,8.295487021795802,7.888924814455923,7.473484742305735,7.505432111971463,4.607023411371237,7.888924814455923,8.295487021795802,8.295487021795802,8.295487021795802
96,7.5348616734529665,8.330488617428466,7.943863082034297,7.521234899980475,7.552807568446477,4.65551839464883,7.943863082034297,8.330488617428466,8.330488617428466,8.330488617428466
97,7.579040364944737,8.36582263795647,7.999031355169175,7.570191923127292,7.601310661551351,4.7040133779264215,7.999031355169175,8.36582263795647,8.36582263795647,8.36582263795647
98,7.623633954141533,8.401487354894561,8.054448450524397,7.620131173220238,7.650723892365429,4.752508361204014,8.054448450524397,8.401487354894561,8.401487354894561,8.401487354894561
99,7.668715420265782,8.437481038081932,8.110133184763797,7.670828011733356,7.70082976196804,4.801003344481606,8.110133184763797,8.437481038081932,8.437481038081932,8.437481038081932
100,7.714357742539911,8.47380195683976,8.166104374551207,7.7220578001406945,7.751410771438521,4.849498327759197,8.166104374551207,8.47380195683976,8.47380195683976,8.47380195683976
101,7.760633900186352,8.510448381054676,8.22238083655047,7.773595899916304,7.802249421856212,4.89799331103679,8.22238083655047,8.510448381054676,8.510448381054676,8.510448381054676
102,7.80761687242753,8.547418582189252,8.278981387425418,7.825217672534229,7.853128214300448,4.946488294314381,8.278981387425418,8.547418582189252,8.547418582189252,8.547418582189252
103,7.855379638485873,8.584710834220582,8.335924843839887,7.876698479468517,7.9038296498505645,4.994983277591974,8.335924843839887,8.584710834220582,8.584710834220582,8.584710834220582
104,7.903977728388269,8.622323414508037,8.393225945429132,7.927847974772679,7.954172515114244,5.043478260869565,8.393225945429132,8.622323414508037,8.622323414508037,8.622323414508037
105,7.953371294278973,8.660254604591273,8.450877146654701,7.978663256879022,8.004173934602784,5.091973244147157,8.450877146654701,8.660254604591273,8.660254604591273,8.660254604591273
106,8.003488063932284,8.698502690919593,8.508863325979421,8.029205147231073,8.053918459167706,5.1404682274247495,8.508863325979421,8.698502690919593,8.698502690919593,8.698502690919593
107,8.05425573831729,8.737065965513708,8.56716935560304,8.079534519952134,8.103490695401838,5.188963210702341,8.56716935560304,8.737065965513708,8.737065965513708,8.737065965513708
108,8.105602018403088,8.775942726561013,8.625780107725323,8.129712249165506,8.152975249898015,5.237458193979934,8.625780107725323,8.775942726561013,8.775942726561013,8.775942726561013
109,8.157454605158765,8.81513127894544,8.684680454546013,8.179799208994485,8.202456729249066,5.285953177257525,8.684680454546013,8.81513127894544,8.81513127894544,8.81513127894544
110,8.209741199553415,8.854629934712982,8.743855268264872,8.229856273562376,8.252019740047828,5.334448160535118,8.743855268264872,8.854629934712982,8.854629934712982,8.854629934712982
111,8.26238950255613,8.894437013473953,8.803289421081647,8.279944316992475,8.301748888887126,5.382943143812709,8.803289421081647,8.894437013473953,8.894437013473953,8.894437013473953
112,8.315327215136,8.934550842743068,8.862967785196096,8.330124213408084,8.351728782359796,5.431438127090301,8.862967785196096,8.934550842743068,8.934550842743068,8.934550842743068
113,8.36848203826212,8.97496975821845,8.922875232807971,8.380456836932504,8.40204402705867,5.479933110367893,8.922875232807971,8.97496975821845,8.97496975821845,8.97496975821845
114,8.421784399514307,9.015692104000614,8.982996555295232,8.431001379057514,8.452775311853589,5.528428093645485,8.982996555295232,9.015692104000614,9.015692104000614,9.015692104000614
115,8.475207839443689,9.056716232752514,9.0433152660875,8.481790425627223,8.50394137886239,5.5769230769230775,9.0433152660875,9.056716232752514,9.056716232752514,9.056716232752514
116,8.528760312280351,9.098040505801748,9.103813858529188,8.532835325299096,8.555511523004702,5.625418060200669,9.103813858529188,9.098040505801748,9.098040505801748,9.098040505801748
117,8.582450731257712,9.13966329318601,9.164474797538078,8.584146834915574,8.607453661258914,5.673913043478261,9.164474797538078,9.13966329318601,9.13966329318601,9.13966329318601
118,8.636288009609194,9.18158297364282,9.225280548031952,8.63573571131909,8.659735710603414,5.722408026755853,9.225280548031952,9.18158297364282,9.18158297364282,9.18158297364282
119,8.69028106056821,9.223797934544686,9.28621357492859,8.68761271135208,8.71232558801659,5.770903010033445,9.28621357492859,9.223797934544686,9.223797934544686,9.223797934544686
120,8.744438797368185,9.266306571780715,9.347256343145771,8.73978859185698,8.765191210476834,5.819397993311037,9.347256343145771,9.266306571780715,9.266306571780715,9.266306571780715
121,8.798770133242531,9.309107289585798,9.408391317601284,8.79227410967623,8.81830049496253,5.867892976588629,9.408391317601284,9.309107289585798,9.309107289585798,9.309107289585798
122,8.853283981424669,9.352198500318424,9.469600963212905,8.845080021652256,8.87162135845207,5.9163879598662215,9.469600963212905,9.352198500318424,9.352198500318424,9.352198500318424
123,8.907989255148015,9.395578624188218,9.530867744898408,8.898217084627504,8.925121717923838,5.964882943143813,9.530867744898408,9.395578624188218,9.395578624188218,9.395578624188218
124,8.962894757443719,9.43924608893428,9.592174280032836,8.951695861507911,8.978769548363216,6.013377926421405,9.592174280032836,9.43924608893428,9.43924608893428,9.43924608893428
125,9.017998829660728,9.483199329455402,9.653517659007994,9.005508504490042,9.03253833145418,6.061872909698997,9.653517659007994,9.483199329455402,9.483199329455402,9.483199329455402
126,9.073280881603498,9.527436787393253,9.714921162703591,9.05961384960228,9.086411513846908,6.110367892976589,9.714921162703591,9.527436787393253,9.527436787393253,9.527436787393253
127,9.1287183297499,9.571956910669607,9.77641082962938,9.11396722497095,9.140373591415653,6.158862876254181,9.77641082962938,9.571956910669607,9.571956910669607,9.571956910669607
128,9.184288590577795,9.616758152978695,9.838012698295117,9.168523958722377,9.194409060034657,6.207357859531773,9.838012698295117,9.616758152978695,9.616758152978695,9.616758152978695
129,9.239969080565062,9.661838973235778,9.89975280721056,9.223239378982882,9.248502415578171,6.2558528428093645,9.89975280721056,9.661838973235778,9.661838973235778,9.661838973235778
130,9.29573721618956,9.707197834982972,9.961657194885452,9.278068813878791,9.302638153920444,6.304347826086957,9.961657194885452,9.707197834982972,9.707197834982972,9.707197834982972
131,9.351570413929162,9.752833205753491,10.023751899829556,9.332967591536432,9.356800770935711,6.352842809364549,10.023751899829556,9.752833205753491,9.752833205753491,9.752833205753491
132,9.407446090261734,9.798743556395314,10.086062960552624,9.387891040082128,9.410974762498238,6.401337792642141,10.086062960552624,9.798743556395314,9.798743556395314,9.798743556395314
133,9.463341661665144,9.844927360355369,10.148616415564408,9.4427944876422,9.465144624482257,6.449832775919733,10.148616415564408,9.844927360355369,9.844927360355369,9.844927360355369
134,9.51923454461726,9.891383092925365,10.211438303374663,9.497633262342973,9.519294852762016,6.498327759197324,10.211438303374663,9.891383092925365,9.891383092925365,9.891383092925365
135,9.575108872390988,9.938109230450308,10.274546647622362,9.55237681502621,9.573417499970482,6.546822742474917,10.274546647622362,9.938109230450308,9.938109230450308,9.938109230450308
136,9.63097857577584,9.985104249500768,10.337923915815304,9.6070572487131,9.627538142562877,6.595317725752508,10.337923915815304,9.985104249500768,9.985104249500768,9.985104249500768
137,9.686865845701584,10.03236662601004,10.401542718981167,9.661724034173831,9.68169165010022,6.643812709030101,10.401542718981167,10.03236662601004,10.03236662601004,10.03236662601004
138,9.74279287340396,10.079894834377212,10.465375667782528,9.716426642821938,9.735912892487775,6.6923076923076925,10.465375667782528,10.079894834377212,10.079894834377212,10.079894834377212
139,9.798781850118708,10.12768734653728,10.529395372881956,9.771214546070944,9.79023673963079,6.740802675585285,10.529395372881956,10.12768734653728,10.12768734653728,10.12768734653728
140,9.854854967081572,10.17574263099934,10.593574444942018,9.826137215334388,9.84469806143452,6.789297658862877,10.593574444942018,10.17574263099934,10.17574263099934,10.17574263099934
141,9.911034415528295,10.224059151853975,10.657885494625289,9.881244122025798,9.899331727804224,6.837792642140468,10.657885494625289,10.224059151853975,10.224059151853975,10.224059151853975
142,9.967342386694618,10.272635367750912,10.72230113259433,9.936584737558706,9.954172608645155,6.886287625418061,10.72230113259433,10.272635367750912,10.272635367750912,10.272635367750912
143,10.023801071816283,10.321469730847996,10.786793969511724,9.99220853334664,10.009255573862571,6.934782608695652,10.786793969511724,10.321469730847996,10.321469730847996,10.321469730847996
144,10.080432662129027,10.370560685732624,10.851336616040031,10.048164980803136,10.064615493361725,6.983277591973245,10.851336616040031,10.370560685732624,10.370560685732624,10.370560685732624
145,10.137257982869643,10.419906668316669,10.915904105130766,10.10449821537191,10.120283955946675,7.031772575250836,10.915904105130766,10.419906668316669,10.419906668316669,10.419906668316669
146,10.194281298404542,10.469506104705983,10.980500836677985,10.16118768115599,10.176252771554058,7.080267558528428,10.980500836677985,10.469506104705983,10.469506104705983,10.469506104705983
147,10.25149585608651,10.5193574100456,11.045150746747469,10.218169786755547,10.232487287482025,7.1287625418060205,11.045150746747469,10.5193574100456,10.5193574100456,10.5193574100456
148,10.30889470411407,10.569458987341648,11.109878124559796,10.275380162819184,10.288952372664356,7.177257525083612,11.109878124559796,10.569458987341648,10.569458987341648,10.569458987341648
149,10.36647089068576,10.61980922626113,11.174707259335584,10.332754439995504,10.345612896034838,7.225752508361205,11.174707259335584,10.61980922626113,10.61980922626113,10.61980922626113
150,10.42421746400012,10.670406501910602,11.239662440295415,10.390228248933106,10.40243372652725,7.274247491638796,11.239662440295415,10.670406501910602,10.670406501910602,10.670406501910602
151,10.482127472255662,10.721249173594842,11.304767956659894,10.447737220280592,10.459379733075371,7.322742474916389,11.304767956659894,10.721249173594842,10.721249173594842,10.721249173594842
152,10.540193963650932,10.772335583556604,11.370048097649612,10.505216984686564,10.516415784612986,7.37123745819398,11.370048097649612,10.772335583556604,10.772335583556604,10.772335583556604
153,10.598409986384455,10.823664055698533,11.435527152485164,10.562603172799625,10.573506750073877,7.419732441471572,11.435527152485164,10.823664055698533,10.823664055698533,10.823664055698533
154,10.656768588654776,10.875232894288292,11.501229410387156,10.619831415268376,10.630617498391826,7.4682274247491645,11.501229410387156,10.875232894288292,10.875232894288292,10.875232894288292
155,10.715262702166376,10.927040382648045,11.567178922578536,10.676838192176922,10.687713253448862,7.516722408026756,11.567178922578536,10.927040382648045,10.927040382648045,10.927040382648045
156,10.77387881429025,10.979084781829314,11.633386574491004,10.733606973532014,10.744778874509093,7.565217391304349,11.633386574491004,10.979084781829314,10.979084781829314,10.979084781829314
157,10.832593725219429,11.031364329274332,11.699843460624752,10.790191864999176,10.801828736913052,7.61371237458194,11.699843460624752,11.031364329274332,11.031364329274332,11.031364329274332
158,10.891383436114356,11.083877237464955,11.766539043054197,10.846652798522046,10.858879650591312,7.662207357859532,11.766539043054197,11.083877237464955,11.083877237464955,11.083877237464955
159,10.950223948135484,11.136621692560208,11.833462783853747,10.903049706044268,10.915948425474436,7.710702341137124,11.833462783853747,11.136621692560208,11.136621692560208,11.136621692560208
160,11.009091262443253,11.189595853023576,11.900604145097816,10.959442519509484,10.973051871492986,7.759197324414716,11.900604145097816,11.189595853023576,11.189595853023576,11.189595853023576
161,11.067961380198115,11.242797848241104,11.967952588860816,11.015891170861336,11.030206798577536,7.807692307692308,11.967952588860816,11.242797848241104,11.242797848241104,11.242797848241104
162,11.126810302560518,11.296225777131344,12.035497577217152,11.07245559204347,11.087430016658642,7.8561872909699,12.035497577217152,11.296225777131344,11.296225777131344,11.296225777131344
163,11.185614030690903,11.349877706748329,12.103228572241242,11.129195714999527,11.144738335666876,7.904682274247492,12.103228572241242,11.349877706748329,11.349877706748329,11.349877706748329
164,11.24434856574972,11.403751670878563,12.17113503600749,11.186171471673148,11.2021485655328,7.953177257525084,12.17113503600749,11.403751670878563,11.403751670878563,11.403751670878563
165,11.302989909360166,11.457845668633151,12.239206430582014,11.243442793209589,11.259677515852689,8.001672240802677,12.239206430582014,11.457845668633151,11.457845668633151,11.457845668633151
166,11.361526555603728,11.512157663036133,12.30743199399546,11.301048057505142,11.317332971620434,8.050167224080267,12.30743199399546,11.512157663036133,11.512157663036133,11.512157663036133
167,11.419992063684512,11.566685579610132,12.37580015609602,11.35894789156152,11.375090162603144,8.09866220735786,12.37580015609602,11.566685579610132,11.566685579610132,11.566685579610132
168,11.47843015114283,11.62142730496037,12.44429916455578,11.417085396194292,11.432916980144777,8.147157190635452,12.44429916455578,11.62142730496037,11.62142730496037,11.62142730496037
169,11.536884535518988,11.676380685358124,12.5129172670468,11.47540367221901,11.490781315589285,8.195652173913043,12.5129172670468,11.676380685358124,11.676380685358124,11.676380685358124
170,11.595398934353312,11.731543525324753,12.581642711241168,11.533845820451242,11.548651060280624,8.244147157190636,12.581642711241168,11.731543525324753,11.731543525324753,11.731543525324753
171,11.654017065186112,11.78691358621731,12.650463744810954,11.592354941706557,11.606494105562753,8.292642140468228,12.650463744810954,11.78691358621731,11.78691358621731,11.78691358621731
172,11.712782645557697,11.842488584816884,12.719368615428234,11.65087413680051,11.664278342779625,8.34113712374582,12.719368615428234,11.842488584816884,11.842488584816884,11.842488584816884
173,11.77173939300838,11.898266191920698,12.78834557076508,11.709346506548668,11.721971663275191,8.389632107023411,12.78834557076508,11.898266191920698,11.898266191920698,11.898266191920698
174,11.830931025078478,11.954244030939098,12.857382858493576,11.767715151766597,11.77954195839342,8.438127090301004,12.857382858493576,11.954244030939098,11.954244030939098,11.954244030939098
175,11.890401259308303,12.01041967649846,12.926468726285792,11.825923173269857,11.836957119478258,8.486622073578596,12.926468726285792,12.01041967649846,12.01041967649846,12.01041967649846
176,11.950188995243442,12.06679065305114,12.995593933332117,11.883924135344568,11.894194134287018,8.535117056856187,12.995593933332117,12.06679065305114,12.06679065305114,12.06679065305114
177,12.01028737370528,12.12335443349352,13.064773091873883,11.941770978695832,11.951316383421462,8.58361204013378,13.064773091873883,12.12335443349352,12.12335443349352,12.12335443349352
178,12.070664248976616,12.180108437793267,13.134033995487894,11.999571560019072,12.008434988674484,8.632107023411372,13.134033995487894,12.180108437793267,12.180108437793267,12.180108437793267
179,12.131287208974488,12.237050031626817,13.20340457660174,12.057434314489024,12.065661574739693,8.680602006688964,13.20340457660174,12.237050031626817,12.237050031626817,12.237050031626817
180,12.192123841615915,12.294176525028238,13.272912767643026,12.11546767728042,12.123107766310692,8.729096989966555,13.272912767643026,12.294176525028238,12.294176525028238,12.294176525028238
181,12.253141734817955,12.351485171050548,13.342586501039362,12.173780083568,12.1808851880811,8.777591973244148,13.342586501039362,12.351485171050548,12.351485171050548,12.351485171050548
182,12.314308476497631,12.408973164440493,13.412453709218347,12.232479968526505,12.23910546474453,8.82608695652174,13.412453709218347,12.408973164440493,12.408973164440493,12.408973164440493
183,12.375591654571974,12.46663764032796,13.48254232460758,12.291675767330656,12.297880220994578,8.87458193979933,13.48254232460758,12.46663764032796,12.46663764032796,12.46663764032796
184,12.436958856958023,12.52447567293105,13.552880279634667,12.351475915155202,12.357321081524873,8.923076923076923,13.552880279634667,12.52447567293105,12.52447567293105,12.52447567293105
185,12.498377671572817,12.582484274277904,13.623495506727217,12.411988847174872,12.417539671029015,8.971571906354516,13.623495506727217,12.582484274277904,12.582484274277904,12.582484274277904
186,12.5598163843783,12.640660392946383,13.694415127295771,12.473320415510578,12.478644899796016,9.020066889632108,13.694415127295771,12.640660392946383,12.640660392946383,12.640660392946383
187,12.621268330565163,12.699000912822658,13.765637159535313,12.535483779815172,12.540648272145363,9.0685618729097,13.765637159535313,12.699000912822658,12.699000912822658,12.699000912822658
188,12.68275822664432,12.7575026518798,13.837123161543138,12.598375975925803,12.603439263572772,9.117056856187292,13.837123161543138,12.7575026518798,12.7575026518798,12.7575026518798
189,12.74431277378795,12.816162360977431,13.90883238555612,12.661886695615122,12.666899632056682,9.165551839464884,13.90883238555612,12.816162360977431,12.816162360977431,12.816162360977431
190,12.805958673168227,12.874976722683616,13.98072408381114,12.725905630655769,12.730911135575523,9.214046822742477,13.98072408381114,12.874976722683616,12.874976722683616,12.874976722683616
191,12.86772262595734,12.933942350119882,14.052757508545078,12.790322472820392,12.79535553210775,9.262541806020067,14.052757508545078,12.933942350119882,12.933942350119882,12.933942350119882
192,12.92963133332747,12.993055785830649,14.12489191199482,12.855026913881645,12.86011457963179,9.31103678929766,14.12489191199482,12.993055785830649,12.993055785830649,12.993055785830649
193,12.991711496450788,13.05231350067806,14.197086546397234,12.919908645612168,12.925070036126083,9.35953177257525,14.197086546397234,13.05231350067806,13.05231350067806,13.05231350067806
194,13.05398981649948,13.111711892763264,14.26930066398921,12.984857359784613,12.990103659569076,9.408026755852845,14.26930066398921,13.111711892763264,13.111711892763264,13.111711892763264
195,13.116492994645728,13.171247286375284,14.34149351700762,13.049762748171624,13.0550972079392,9.456521739130435,14.34149351700762,13.171247286375284,13.171247286375284,13.171247286375284
196,13.179247724337378,13.230915930968546,14.41362437373465,13.114514529660964,13.119932467596591,9.505016722408028,14.41362437373465,13.230915930968546,13.230915930968546,13.230915930968546
197,13.242271355442393,13.290714000170134,14.48567191132245,13.179035222379635,13.184525556246818,9.55351170568562,14.48567191132245,13.290714000170134,13.290714000170134,13.290714000170134
198,13.305553753227912,13.35063759081785,14.557671899070996,13.243343825033785,13.248893578940375,9.602006688963211,14.557671899070996,13.35063759081785,13.35063759081785,13.35063759081785
199,13.369079754707544,13.410682722030206,14.62967055117611,13.307476987261246,13.313072116163372,9.650501672240804,14.62967055117611,13.410682722030206,13.410682722030206,13.410682722030206
200,13.4328341968949,13.47084533430928,14.701714081833616,13.37147135869986,13.377096748401918,9.698996655518394,14.701714081833616,13.47084533430928,13.47084533430928,13.47084533430928
201,13.496801916803593,13.53112128867783,14.773848705239343,13.435363588987462,13.441003056142131,9.747491638795989,14.773848705239343,13.53112128867783,13.53112128867783,13.53112128867783
202,13.560967751447237,13.591506365851313,14.846120635589118,13.499190327761884,13.504826619870116,9.79598662207358,14.846120635589118,13.591506365851313,13.591506365851313,13.591506365851313
203,13.625316537839437,13.651996265446304,14.918576087078764,13.562988224660968,13.56860302007199,9.844481605351172,14.918576087078764,13.651996265446304,13.651996265446304,13.651996265446304
204,13.68983311299381,13.712586605226123,14.991261273904112,13.626793929322544,13.632367837233852,9.892976588628764,14.991261273904112,13.712586605226123,13.712586605226123,13.712586605226123
205,13.754502313923968,13.773272920384889,15.064222410260983,13.690644091384456,13.696156651841829,9.941471571906357,15.064222410260983,13.773272920384889,13.773272920384889,13.773272920384889
206,13.819308977643525,13.83405066287098,15.13750571034521,13.75457536048454,13.76000504438202,9.989966555183948,15.13750571034521,13.83405066287098,13.83405066287098,13.83405066287098
207,13.884239562414226,13.894915200751113,15.211151413192962,13.818620783973213,13.823946097186957,10.038461538461538,15.211151413192962,13.894915200751113,13.894915200751113,13.894915200751113
208,13.949292777468012,13.95586181761598,15.285154606514896,13.88278618849698,13.887994015278348,10.08695652173913,15.285154606514896,13.95586181761598,13.95586181761598,13.95586181761598
209,14.014472929986647,14.016885712028666,15.3594897466062,13.947064962492716,13.952154377892564,10.135451505016723,15.3594897466062,14.016885712028666,14.016885712028666,14.016885712028666
210,14.079784355933825,14.077981997016757,15.434131183685428,14.011450430446107,14.016432719916398,10.183946488294314,15.434131183685428,14.077981997016757,14.077981997016757,14.077981997016757
211,14.145231391273237,14.139145699609422,15.50905326797113,14.075935916842855,14.08083457623666,10.232441471571908,15.50905326797113,14.139145699609422,14.139145699609422,14.139145699609422
212,14.21081837196856,14.20037176042035,15.584230349681851,14.140514746168636,14.145365481740145,10.2809364548495,15.584230349681851,14.20037176042035,14.20037176042035,14.20037176042035
213,14.276549633983496,14.261655033277776,15.659636779036148,14.205180242909153,14.210030971313651,10.329431438127092,15.659636779036148,14.261655033277776,14.261655033277776,14.261655033277776
214,14.342429513281727,14.322990284902662,15.735246906252568,14.269925731550089,14.274836579843983,10.377926421404682,15.735246906252568,14.322990284902662,14.322990284902662,14.322990284902662
215,14.408462345826946,14.384372194635937,15.811035081549663,14.334744536577135,14.339787842217945,10.426421404682277,15.811035081549663,14.384372194635937,14.384372194635937,14.384372194635937
216,14.47465246758284,14.44579535421614,15.886975655145983,14.39962998247599,14.404890293322332,10.474916387959867,15.886975655145983,14.44579535421614,14.44579535421614,14.44579535421614
217,14.54100409231192,14.50725426760838,15.963042849566824,14.46457588770153,14.47014939256302,10.523411371237458,15.963042849566824,14.50725426760838,14.50725426760838,14.50725426760838
218,14.607518381820093,14.568743350885706,16.039207698216977,14.529588407517222,14.535568714220869,10.57190635451505,16.039207698216977,14.568743350885706,14.568743350885706,14.568743350885706
219,14.674193305541094,14.630256932164029,16.115437898654488,14.594686601591649,14.60114986072016,10.620401337792645,16.115437898654488,14.630256932164029,14.630256932164029,14.630256932164029
220,14.74102668260656,14.691789251591624,16.191700991380273,14.6598901371539,14.666894341646952,10.668896321070235,16.191700991380273,14.691789251591624,14.691789251591624,14.691789251591624
221,14.80801633214812,14.75333446139435,16.26796451689525,14.725218681433052,14.7328036665873,10.717391304347826,16.26796451689525,14.75333446139435,14.75333446139435,14.75333446139435
222,14.875160073297405,14.814886625977572,16.344196015700344,14.790691901658194,14.798879345127256,10.76588628762542,16.344196015700344,14.814886625977572,14.814886625977572,14.814886625977572
223,14.942455725186054,14.87643972208602,16.42036302829647,14.85632946505842,14.865122886852877,10.814381270903011,16.42036302829647,14.87643972208602,14.87643972208602,14.87643972208602
224,15.009901106945684,14.937987639022417,16.49643309518455,14.922151038862792,14.93153580135021,10.862876254180602,16.49643309518455,14.937987639022417,14.937987639022417,14.937987639022417
225,15.077494037707948,14.999524178926334,16.5723737568655,14.988176290300425,14.998119598205315,10.911371237458194,16.5723737568655,14.999524178926334,14.999524178926334,14.999524178926334
226,15.145232336604463,15.06104305711391,16.648152553840244,15.054424886600378,15.064875787004253,10.959866220735789,16.648152553840244,15.06104305711391,15.06104305711391,15.06104305711391
227,15.213113828377644,15.122537902479916,16.72373703537254,15.120916467288849,15.131805866157588,11.008361204013378,16.72373703537254,15.122537902479916,15.122537902479916,15.122537902479916
228,15.28113807953426,15.184002257962934,16.79909747099405,15.187662072024724,15.198907864850485,11.05685618729097,16.79909747099405,15.184002257962934,15.184002257962934,15.184002257962934
229,15.349308857077164,15.245429581075005,16.874210690523746,15.254652000744692,15.26617144577018,11.105351170568564,16.874210690523746,15.245429581075005,15.245429581075005,15.245429581075005
230,15.417630548516144,15.30681324449654,16.9490544928813,15.321873489666082,15.333585035685656,11.153846153846157,16.9490544928813,15.30681324449654,15.30681324449654,15.30681324449654
231,15.486107541360983,15.36814653673787,17.023606676986372,15.389313775006231,15.401137061365898,11.202341137123746,17.023606676986372,15.36814653673787,15.36814653673787,15.36814653673787
232,15.554744223121462,15.429422662868213,17.097845041758642,15.45696009298248,15.468815949579888,11.250836120401338,17.097845041758642,15.429422662868213,15.429422662868213,15.429422662868213
233,15.623544981307363,15.490634745313518,17.17174738611778,15.524799679812164,15.536610127096605,11.29933110367893,17.17174738611778,15.490634745313518,15.490634745313518,15.490634745313518
234,15.692514203428468,15.551775824723787,17.245291508983442,15.59281977171262,15.604508020685032,11.347826086956522,17.245291508983442,15.551775824723787,15.551775824723787,15.551775824723787
235,15.761656276994565,15.612838860911436,17.318455209275307,15.661007604901185,15.672498057114154,11.396321070234114,17.318455209275307,15.612838860911436,15.612838860911436,15.612838860911436
236,15.830975589515424,15.673816733861416,17.391216285913043,15.729350415595198,15.740568663152953,11.444816053511706,17.391216285913043,15.673816733861416,15.673816733861416,15.673816733861416
237,15.900476528500835,15.734702244814374,17.463552537816316,15.79783544001199,15.808708265570402,11.4933110367893,17.463552537816316,15.734702244814374,15.734702244814374,15.734702244814374
238,15.970158209756567,15.79548811742391,17.53544443391634,15.866448304403097,15.876904984361866,11.54180602006689,17.53544443391634,15.79548811742391,15.79548811742391,15.79548811742391
239,16.039987709274016,15.856166998988895,17.606888670662777,15.935164850137287,15.945145075045884,11.590301003344482,17.606888670662777,15.856166998988895,15.856166998988895,15.856166998988895
240,16.109920064665623,15.916731461762032,17.67788804170094,16.003957242091197,16.013414092597642,11.638795986622076,17.67788804170094,15.916731461762032,15.916731461762032,15.916731461762032
241,16.179910291950954,15.97717400433586,17.74844535161248,16.072797638547016,16.081697590735793,11.687290969899664,17.74844535161248,15.97717400433586,15.97717400433586,15.97717400433586
242,16.249913407149556,16.03748705310691,17.818563404979088,16.14165819778694,16.149981123178986,11.735785953177258,17.818563404979088,16.03748705310691,16.03748705310691,16.03748705310691
243,16.319884426280993,16.097662963819513,17.888245006382416,16.210511078093177,16.218250243645876,11.78428093645485,17.888245006382416,16.097662963819513,16.097662963819513,16.097662963819513
244,16.38977836536482,16.15769402319011,17.957492960404146,16.279328437747928,16.28649050585511,11.832775919732445,17.957492960404146,16.15769402319011,16.15769402319011,16.15769402319011
245,16.459550240420583,16.217572450613147,18.026310071625936,16.348082435033383,16.354687463525337,11.881270903010034,18.026310071625936,16.217572450613147,16.217572450613147,16.217572450613147
246,16.52915506746784,16.2772903999498,18.09469914462946,16.41674522823175,16.422826670375205,11.929765886287626,18.09469914462946,16.2772903999498,16.2772903999498,16.2772903999498
247,16.598547862526157,16.33683996140028,18.162662983996395,16.485288975625235,16.490893680123374,11.97826086956522,18.162662983996395,16.33683996140028,16.33683996140028,16.33683996140028
248,16.6676848408382,16.3962131634613,18.230203794280595,16.553685944613058,16.558873905420892,12.02675585284281,18.230203794280595,16.3962131634613,16.3962131634613,16.3962131634613
249,16.736544100248103,16.455401974969224,18.29731283114,16.62191039368729,16.626750184814096,12.075250836120402,18.29731283114,16.455401974969224,16.455401974969224,16.455401974969224
250,16.805122857074117,16.514398307230458,18.363971784359663,16.689938320925503,16.694503107895766,12.123745819397994,18.363971784359663,16.514398307230458,16.514398307230458,16.514398307230458
251,16.87341897087012,16.573194016239867,18.430162021883557,16.757745782933146,16.76211318859325,12.172240802675583,18.430162021883557,16.573194016239867,16.573194016239867,16.573194016239867
252,16.94143030119002,16.631780904988354,18.495864911655648,16.825308836315664,16.829560940833936,12.220735785953178,18.495864911655648,16.631780904988354,16.631780904988354,16.631780904988354
253,17.009154707587705,16.690150725860796,18.56106182161991,16.8926035376785,16.89682687854517,12.26923076923077,18.56106182161991,16.690150725860796,16.690150725860796,16.690150725860796
254,17.076590049617067,16.74829518312537,18.625734119720303,16.959605943627096,16.96389151565433,12.317725752508364,18.625734119720303,16.74829518312537,16.74829518312537,16.74829518312537
255,17.143734186832,16.806205935515223,18.689863173900807,17.0262921107669,17.030735366088773,12.366220735785951,18.689863173900807,16.806205935515223,16.806205935515223,16.806205935515223
256,17.2105849787864,16.863874598903728,18.75343035210539,17.092638095703354,17.097338943775878,12.414715719063546,18.75343035210539,16.863874598903728,16.863874598903728,16.863874598903728
257,17.277140285034157,16.92129274907432,18.816417022278024,17.1586199550419,17.163682762642996,12.463210702341138,18.816417022278024,16.92129274907432,16.92129274907432,16.92129274907432
258,17.343397956823583,16.978451924586032,18.878804625320733,17.224213883011444,17.22974739060393,12.511705685618727,18.878804625320733,16.978451924586032,16.978451924586032,16.978451924586032
259,17.409354748872413,17.035343629735863,18.940584234301472,17.28941424334777,17.29552052304008,12.56020066889632,18.940584234301472,17.035343629735863,17.035343629735863,17.035343629735863
260,17.47500523516242,17.091959337618885,19.00176607835279,17.35425153457201,17.361004030154103,12.608695652173914,19.00176607835279,17.091959337618885,17.091959337618885,17.091959337618885
261,17.5403437318391,17.148290493287305,19.06236265149777,17.41876052755113,17.42620145808883,12.657190635451506,19.06236265149777,17.148290493287305,17.148290493287305,17.148290493287305
262,17.60536455504797,17.204328517009664,19.1223864477595,17.4829759931521,17.491116352987103,12.705685618729095,19.1223864477595,17.204328517009664,17.204328517009664,17.204328517009664
263,17.670062020934523,17.26006480763092,19.181849961161056,17.5469327022419,17.55575226099175,12.75418060200669,19.181849961161056,17.26006480763092,17.26006480763092,17.26006480763092
264,17.734430445644268,17.315490746034953,19.240765685725528,17.6106654256875,17.620112728245616,12.802675585284282,19.240765685725528,17.315490746034953,17.315490746034953,17.315490746034953
265,17.798464145322704,17.37059769871002,19.299146115475992,17.674208934355875,17.684201300891527,12.851170568561871,19.299146115475992,17.37059769871002,17.37059769871002,17.37059769871002
266,17.862157436115346,17.425377021418946,19.35700374443554,17.737597999113994,17.748021525072325,12.899665551839464,19.35700374443554,17.425377021418946,17.425377021418946,17.425377021418946
267,17.925504634167684,17.47982006297429,19.414351066627244,17.800867390828834,17.811576946930842,12.948160535117058,19.414351066627244,17.47982006297429,17.47982006297429,17.47982006297429
268,17.988500055625224,17.53391816912037,19.471200576074185,17.86405188036736,17.87487111260991,12.996655518394649,19.471200576074185,17.53391816912037,17.53391816912037,17.53391816912037
269,18.05113814373068,17.587662686522737,19.527562853667696,17.927174041291487,17.937903820951146,13.04515050167224,19.527562853667696,17.587662686522737,17.587662686522737,17.587662686522737
270,18.11341396732678,17.641044966866183,19.583439063449102,17.99019640937901,18.000656425765776,13.093645484949834,19.583439063449102,17.641044966866183,17.641044966866183,17.641044966866183
271,18.175322787416277,17.694056371062754,19.638827476969382,18.053063079133473,18.06310461526848,13.142140468227426,19.638827476969382,17.694056371062754,17.694056371062754,17.694056371062754
272,18.236859865053567,17.746688273570406,19.6937263650019,18.11571814010089,18.125224076150865,13.190635451505017,19.6937263650019,17.746688273570406,17.746688273570406,17.746688273570406
273,18.29802046129307,17.798932066823575,19.748133998320053,18.17810568182731,18.18699049510454,13.23913043478261,19.748133998320053,17.798932066823575,17.798932066823575,17.798932066823575
274,18.358799837189196,17.850779165776835,19.80204864769722,18.240169793858765,18.248379558821117,13.287625418060202,19.80204864769722,17.850779165776835,17.850779165776835,17.850779165776835
275,18.419193253796344,17.902221012562514,19.85546858390677,18.30185456574128,18.3093669539922,13.336120401337793,19.85546858390677,17.902221012562514,17.902221012562514,17.902221012562514
276,18.479195972168913,17.95324908126353,19.908392077722105,18.36310408702089,18.36992836730939,13.384615384615383,19.908392077722105,17.95324908126353,17.95324908126353,17.95324908126353
277,18.538803253361333,18.00385488280245,19.960817399916593,18.423862447243625,18.43003948546431,13.433110367892978,19.960817399916593,18.00385488280245,18.00385488280245,18.00385488280245
278,18.598010358428,18.05402996994785,20.01274282126363,18.484073735955526,18.489675995148566,13.48160535117057,20.01274282126363,18.05402996994785,18.05402996994785,18.05402996994785
279,18.656812539008712,18.10376594243901,20.06416645918266,18.54368471661109,18.548814745833823,13.53010033444816,20.06416645918266,18.10376594243901,18.10376594243901,18.10376594243901
280,18.71520491680005,18.15305445223028,20.115084314456492,18.60267905874534,18.607448636028273,13.578595317725751,20.115084314456492,18.15305445223028,18.15305445223028,18.15305445223028
281,18.773182518777844,18.201887208855673,20.165490844967504,18.66106733420009,18.66558226301976,13.627090301003346,20.165490844967504,18.201887208855673,18.201887208855673,18.201887208855673
282,18.830740369769263,18.250255984915505,20.215380473599083,18.71886072506612,18.723220489469956,13.675585284280936,20.215380473599083,18.250255984915505,18.250255984915505,18.250255984915505
283,18.887873494601497,18.298152621685375,20.264747623234616,18.77607041343424,18.780368178040533,13.724080267558527,20.264747623234616,18.298152621685375,18.298152621685375,18.298152621685375
284,18.944576918101728,18.3455690348492,20.31358671675748,18.83270758139522,18.83703019139318,13.77257525083612,20.31358671675748,18.3455690348492,18.3455690348492,18.3455690348492
285,19.000845665097135,18.392497220356923,20.36189217705108,18.88878341103988,18.89321139218957,13.821070234113714,20.36189217705108,18.392497220356923,18.392497220356923,18.392497220356923
286,19.056674760414896,18.438929260408496,20.409658426998792,18.94430908445899,18.94891664309138,13.869565217391305,20.409658426998792,18.438929260408496,18.438929260408496,18.438929260408496
287,19.1120592288822,18.48485732956456,20.456879889484,18.99929578374336,19.00415080676029,13.918060200668895,20.456879889484,18.48485732956456,18.48485732956456,18.48485732956456
288,19.166994095326224,18.53027370098546,20.503550987390103,19.05375469098377,19.058918745857984,13.96655518394649,20.503550987390103,18.53027370098546,18.53027370098546,18.53027370098546
289,19.22147438457415,18.57517075279933,20.549666143600472,19.107696988271023,19.11322532304613,14.01505016722408,20.549666143600472,18.57517075279933,18.57517075279933,18.57517075279933
290,19.27549512145315,18.619540974600714,20.595219780998494,19.161133857695905,19.16707540098641,14.063545150501673,20.595219780998494,18.619540974600714,18.619540974600714,18.619540974600714
291,19.329051330790435,18.663376974080244,20.640206322467577,19.21407648134922,19.220473842340503,14.112040133779264,20.640206322467577,18.663376974080244,18.663376974080244,18.663376974080244
292,19.382138037413153,18.706671483786938,20.68462019089108,19.26653604132175,19.27342550977009,14.160535117056856,20.68462019089108,18.706671483786938,18.706671483786938,18.706671483786938
293,19.43475026614851,18.74941736802404,20.72845580915241,19.318523719704302,19.32593526593684,14.209030100334449,20.72845580915241,18.74941736802404,18.74941736802404,18.74941736802404
294,19.48688304182367,18.79160762987946,20.771707600134945,19.370050698587654,19.37800797350245,14.25752508361204,20.771707600134945,18.79160762987946,18.79160762987946,18.79160762987946
295,19.538531389265827,18.83323541839177,20.814369986722077,19.42112816006261,19.429648495128575,14.306020066889634,20.814369986722077,18.83323541839177,18.83323541839177,18.83323541839177
296,19.58969033330216,18.874294035853207,20.856437391797183,19.47176728621996,19.480861693476907,14.354515050167224,20.856437391797183,18.874294035853207,18.874294035853207,18.874294035853207
297,19.64035489875985,18.914776945250413,20.89790423824366,19.5219792591505,19.531652431209125,14.403010033444817,20.89790423824366,18.914776945250413,18.914776945250413,18.914776945250413
298,19.690520110466068,18.954677777843955,20.93876494894489,19.571775260945017,19.5820255709869,14.45150501672241,20.93876494894489,18.954677777843955,18.954677777843955,18.954677777843955
299,19.74018099324801,18.9939903408883,20.97901394678426,19.621166473694306,19.631985975471913,14.5,20.97901394678426,18.9939903408883,18.9939903408883,18.9939903408883
